,x
1,김오수 힘든시기 책임감 느껴 인사청문 준비 착수
2,김오수 검찰총장 후보자 어려운 시기 막중한 책임감 
3, 문재인 정부 마지막 검찰총장 후보 김오수는 누구인가
4,김오수 내정에 與 환영 野 검찰장악 선언 
5,文 새 검찰총장에 김오수 지명 여야 반응 극과 극 
6,국민의힘 새 검찰총장 김오수 지명에 검찰 장악 선언 
7,40대 노후저축 月 61만원 주택대출 원리금보다 적네
8,40대 무주택자 33 내집 마련 유주택자 절반 더 나은 집 찾겠다 
9,대도시 40대 절반은 내 집 마련 성공 노후 대비 는 낙제점
10,日 中에 기술유출 막기 위해 경제안보 협의 채널 구축 나선다
11,日정부 경제안보 담당 임원 둬라 中에 기술유출 차단 나서
12,日 민관 경제안보 협의채널 추진 중요기술 中유출 방지
13, 유병언 장녀 유섬나 세무서 상대 16억 세금소송 승소
14,文 상반기 백신 접종 1300만명으로 백신 주권 확보 중요 
15, 업무보고 지옥 서울시 직원들 불만에 내일부터 중단
16, 입지 신청 철회에도 화장장 강행 이천시장 주민소환 추진
17,文 새 검찰총장에 김오수 지명 靑 검찰개혁 소임 다해주길 
18, 철통 해협 어떻게 뚫었나 고무보트로 中탈출해 대만 도착
19,송영길 비주류 기용 사무총장 윤관석 유력 수석대변인 고용진
20,나흘 고심 끝 검찰총장 후보 김오수 이르면 이달 말 취임
21,혁신 공유대학서 신기술 인재 10만명 키운다
22,4월 주요 은행 신용대출 6 8조 급증 공모 영향 
23,60 74세 저학년 초등교사 6월내 접종 상반기 1300만명 
24, 높이 30 옹벽 말도 안돼 전문가도 때린 판교 아파트
25,부산은 지금
26, 코로나19 바이러스
27,남북관계 긴장 고조
28,포토친구
29, 1 위 두 칸 주차 벤츠 차주 한달 전 일을 왜 지금 
30, 2 위 한강 실종 대학생 친구 신발 버렸다 父 2가지 의문 생겼다 
31, 3 위 한강 사망 의대생 父 아들은 100 타살 친구는 조문도 안 오고 연락두절 
32, 4 위 文의 남자 김오수 그는 누구 
33, 5 위 모텔살이 영아 아동학대 사건의 숨겨진 이야기 
34, 1 위 검찰 한동훈 검사장 명예훼손 혐의 유시민 기소 
35, 2 위 한강 사망 의대생 父 아들은 100 타살 친구는 조문도 안 오고 연락두절 
36, 3 위 곽상도 文 사위 취업 이상직 이사장 임명 사이 대가성 따져야 
37, 4 위 단독 김부겸 국무총리 후보자 내외 차량 32번 압류 과태료 자동차세 상습 체납 
38, 5 위 한강 실종 대학생 휴대폰 포렌식 친구 귀가 택시기사 신원파악 
39,노래주점 2명이 같이 갔는데 나올땐 1명만 인천서 40대 13일째 실종 종합 
40, 그 사람들 맞다면 실종 아냐 세 남자 목격담 경찰 한강 사망 대학생과 무관 
41,한강 실종 대학생 父 같이 있던 친구 직접 사과도 안해 
42,한강 사망 대학생 父 같이 있던 친구 신발 보여달라하니 0 5초만에 토로
43,대서양 섬 괴물 쥐 3 4 거대 새까지 잡아먹어 최초 확인 
44,이틀 만에 1년 치 넘어선 확진자 당혹 충격 휩싸인 고흥
45,한강 실종 대학생 휴대폰 포렌식 친구 귀가 택시기사 신원파악
46,한강 사망 의대생 父 아들은 100 타살 친구는 조문도 안 오고 연락두절 
47,코스피
48,3 127 20포인트
49, 20 66 하락 
50, 0 66 하락
51,코스닥
52,961 81포인트
53, 21 64 하락 
54, 2 20 하락
55,다우
56,33 874 85포인트
57, 185 51 하락 
58, 0 54 하락
59, 바로잡습니다 3월12일 자 10면 홈쇼핑서 수뢰 횡령 혐의 전병헌 前 수석 유죄 확정 기사 중
